Workbook

Sheet Summary
A1: E9XSim CIC — Qualcomm SOM Comparison
A2: Research snapshot: 2026-09-11 | Goal: avoid SoC/RAM routing; prefer M.2 E-key wireless + M.2 M-key NVMe on carrier
A4: Scoring weight | B4: Weight | D4: Shortlist | E4: Why it stands out | F4: Main caveat | G4: SoC | H4: Public price
A5: External NVMe / storage fit | B5: 0.2 | D5: TRIA SM2S-QCS6490 | E5: SMARC, explicit NVMe, optional wireless, CAN-FD, Ubuntu on request | F5: Larger than tiny LGA SOMs | G5: QCS6490
A6: External M.2 wireless fit | B6: 0.2 | D6: Thundercomm C8550 | E6: No onboard Wi-Fi; Gen4 x2 + Gen3 x2; huge graphics headroom | F6: Ubuntu support needs confirmation | G6: QCS8550
A7: Linux / Ubuntu fit | B7: 0.2 | D7: Lantronix Open-Q 8550CS μSOM | E7: External Wi-Fi/BT supported; compact; public availability | F7: Yocto is public, Ubuntu not yet the headline BSP | G7: QCS8550 | H7: 804.45
A8: Carrier simplicity / docs | B8: 0.15 | D8: Lantronix Open-Q 6490CS | E8: Low price, external Wi-Fi architecture, NVMe ecosystem | F8: Module-specific Ubuntu image should be confirmed | G8: QCS6490 | H8: 315
A9: Thermal / lifecycle | B9: 0.1 | D9: Silex EP-200Q | E9: Dedicated Wi-Fi x1 + external x2 PCIe; DSI/eDP/DP | F9: Yocto public; Ubuntu not advertised | G9: QCS6490
A10: Compute headroom | B10: 0.1 | D10: Critical Link MitySOM-QC6490 | E10: Ubuntu explicitly supported; long lifecycle to 2036 | F10: On-SOM flash is substantial | G10: QCS6490
A11: Display capability | B11: 0.05
A13: Candidate | B13: Score
A14: SM2S-QCS6490 | B14: ='SOM Candidates'!AF2 -> 94
A15: TurboX C8550 SOM | B15: ='SOM Candidates'!AF3 -> 84
A16: Open-Q 8550CS μSOM | B16: ='SOM Candidates'!AF4 -> 86
A17: Open-Q 6490CS SOM | B17: ='SOM Candidates'!AF5 -> 91
A18: EP-200Q | B18: ='SOM Candidates'!AF6 -> 88
A19: MitySOM-QC6490 | B19: ='SOM Candidates'!AF7 -> 91
A20: Open-Q 6490CS SMARC SOM | B20: ='SOM Candidates'!AF8 -> 90
A21: QCS6490 LGA SOM | B21: ='SOM Candidates'!AF9 -> 64
A22: QCS6490 SOM (B2B) | B22: ='SOM Candidates'!AF10 -> 63
A23: TurboX C6490 SOM | B23: ='SOM Candidates'!AF11 -> 64
A24: SG560D-WF | B24: ='SOM Candidates'!AF12 -> 51
A25: Open-Q 8550CS SOM | B25: ='SOM Candidates'!AF13 -> 70
A33: How to use this workbook
A34: Change the weights in B5:B11 to reflect your priorities. The Overall score and Fit tier columns recalculate automatically. For your current architecture, the biggest filters are: external Wi-Fi/BT support, external NVMe capability, Linux/Ubuntu BSP quality, and carrier-board difficulty. Treat all blank or 'verify' fields as vendor-confirmation items before schematic capture.

Sheet SOM Candidates
A1: Vendor | B1: Module | C1: SoC | D1: Form factor / connector | E1: Dimensions | F1: CPU | G1: GPU | H1: AI TOPS | I1: RAM | J1: On-module storage | K1: PCIe / high-speed expansion | L1: External NVMe / M.2 M-key fit | M1: Wireless architecture | N1: M.2 E-key Wi-Fi/BT fit | O1: Display interfaces | P1: Audio interfaces | Q1: Native CAN / CAN-FD | R1: USB / Ethernet | S1: OS / BSP | T1: Ubuntu 24.04 confidence | U1: Operating temperature | V1: Lifecycle / status | W1: Public price USD | X1: Purchase path | Y1: Storage rating | Z1: Wireless rating | AA1: Linux rating | AB1: Carrier rating | AC1: Thermal/lifecycle rating | AD1: Compute rating | AE1: Display rating | AF1: Overall score | AG1: Fit tier | AH1: CIC-fit notes | AI1: Primary source URL | AJ1: Secondary source URL
A2: TRIA | B2: SM2S-QCS6490 | C2: QCS6490 | D2: SMARC 2.2 short-size | E2: SMARC short-size | F2: 1× A78 2.7 GHz + 3× A78 2.4 GHz + 4× A55 1.95 GHz | G2: Adreno 643 @ up to 812 MHz | H2: 12–15 | I2: Up to 16 GB LPDDR5 | J2: Optional UFS up to 1 TB | K2: 2× Gen3 x1 + 1× Gen3 x2 (up to 4 lanes total) | L2: Explicit carrier NVMe support | M2: WLAN/BT module optional | N2: Excellent — separate carrier radio is a normal configuration | O2: MIPI-DSI or LVDS; DP 1.4; eDP/DP | P2: 2× I²S | Q2: 2× CAN 2.0-FD | R2: 2× USB 3.1, 5× USB 2.0, 2× GbE | S2: Yocto Linux; Windows 11 IoT; Android; Ubuntu on request | T2: Good — Ubuntu offered on request | U2: Industrial module; exact module range verify | V2: Production module / industrial focus | X2: RFQ / distribution | Y2: 5 | Z2: 5 | AA2: 4 | AB2: 5 | AC2: 5 | AD2: 4 | AE2: 5 | AF2: =ROUND((Y2*Summary!$B$5+Z2*Summary!$B$6+AA2*Summary!$B$7+AB2*Summary!$B$8+AC2*Summary!$B$9+AD2*Summary!$B$10+AE2*Summary!$B$11)*20,0) -> 94 | AG2: =IF(AF2>=85,"Strong shortlist",IF(AF2>=75,"Good fit",IF(AF2>=65,"Viable","Secondary"))) -> Strong shortlist | AH2: Very strong architecture fit: standardized SMARC carrier, explicit NVMe, optional wireless, and CAN-FD already exposed. | AI2: https://www.tria-technologies.com/product/tria-sm2s-qcs6490/ | AJ2: https://www.qualcomm.com/internet-of-things/products/q6-series/qcs6490/hardware
A3: Thundercomm | B3: TurboX C8550 SOM | C3: QCS8550 | D3: LGA | E3: 39 × 33 × 2.75 mm | F3: 1× Prime 3.2 GHz + 4× Gold 2.8 GHz + 3× Silver 2.0 GHz | G3: Adreno 740 | H3: 48 INT8 / 12 FP16 | I3: 12 GB | J3: 128 GB on-module | K3: 1× Gen4 x2 + 1× Gen3 x2 | L3: Excellent lane budget for carrier NVMe | M3: No Wi-Fi built in | N3: Excellent — specifically leaves wireless to carrier design | O3: 2× 4-lane DSI; DP 1.4 over USB-C; up to 4K120 | P3: High-speed Qualcomm audio interfaces; carrier implementation required | Q3: Not listed on SOM; use external CAN controller if needed | R3: USB 3.1 Gen2; Ethernet not listed on SOM page | S3: Vendor BSP; public page does not clearly state Ubuntu | T3: Medium — verify Ubuntu/BSP directly with Thundercomm | U3: -30 to +75 °C | V3: Current production QCS8550 SOM | X3: RFQ | Y3: 5 | Z3: 5 | AA3: 3 | AB3: 3 | AC3: 4 | AD3: 5 | AE3: 5 | AF3: =ROUND((Y3*Summary!$B$5+Z3*Summary!$B$6+AA3*Summary!$B$7+AB3*Summary!$B$8+AC3*Summary!$B$9+AD3*Summary!$B$10+AE3*Summary!$B$11)*20,0) -> 84 | AG3: =IF(AF3>=85,"Strong shortlist",IF(AF3>=75,"Good fit",IF(AF3>=65,"Viable","Secondary"))) -> Good fit | AH3: Best raw-performance fit to your desired carrier architecture: no onboard Wi-Fi and lots of PCIe. Main question is Ubuntu support/document access. | AI3: https://www.thundercomm.com/product/c8550-som/ | AJ3: https://www.qualcomm.com/internet-of-things/hardware
A4: Lantronix | B4: Open-Q 8550CS μSOM | C4: QCS8550 | D4: Compact LGA SOM | E4: ~33 × 39 mm class | F4: 1× Prime 3.2 GHz + 4× Gold 2.8 GHz + 3× Silver 2.0 GHz | G4: Adreno 740 | H4: 48 INT8 / 12 FP16 | I4: 12 GB LPDDR5X | J4: 256 GB UFS | K4: High-speed PCIe exposed; exact lane map requires hardware docs | L4: Supported in Lantronix reference platforms; verify exact lane map | M4: External Wi-Fi / Bluetooth supported | N4: Excellent — explicitly designed for external Wi-Fi/BT | O4: 2× 4-lane MIPI DSI; DP 1.4 over USB-C | P4: Qualcomm audio interfaces; carrier codec as needed | Q4: Not listed as native on SOM page | R4: USB 3.2 Gen2; external connectivity via carrier | S4: Linux Yocto / Android family support | T4: Medium — Yocto is public; Ubuntu requires confirmation | U4: Industrial/embedded; detailed range in product brief | V4: Current Lantronix production SOM | W4: 804.45 | X4: Public e-store | Y4: 5 | Z4: 5 | AA4: 3 | AB4: 3 | AC4: 5 | AD4: 5 | AE4: 5 | AF4: =ROUND((Y4*Summary!$B$5+Z4*Summary!$B$6+AA4*Summary!$B$7+AB4*Summary!$B$8+AC4*Summary!$B$9+AD4*Summary!$B$10+AE4*Summary!$B$11)*20,0) -> 86 | AG4: =IF(AF4>=85,"Strong shortlist",IF(AF4>=75,"Good fit",IF(AF4>=65,"Viable","Secondary"))) -> Strong shortlist | AH4: Excellent compact high-end choice. External wireless matches your preference; onboard UFS is unavoidable but can be treated as boot/recovery storage. | AI4: https://www.lantronix.com/products/open-q-8550cs-%CE%BCsom-system-on-module/ | AJ4: https://estore.lantronix.com/products/open-q-8550cs-som-system-on-module-1
A5: Lantronix | B5: Open-Q 6490CS SOM | C5: QCS6490 | D5: Production SOM | E5: Compact SOM; see hardware docs | F5: 1× Prime 2.7 GHz + 3× Gold 2.4 GHz + 4× Silver 1.8–1.9 GHz | G5: Adreno 643L | H5: ~12 | I5: Configuration-dependent LPDDR5 | J5: Supports external UFS / SD; module configs vary | K5: External Wi-Fi via PCIe x1; additional high-speed I/O for storage | L5: External NVMe supported on development platform | M5: External Wi-Fi up to Wi-Fi 6E + Bluetooth 5.2 | N5: Excellent — external radio is explicitly supported | O5: MIPI display plus eDP / DP / HDMI on reference platform | P5: Digital audio interfaces; carrier codec implementation | Q5: Carrier can provide CAN; native SOM CAN not advertised | R5: USB + GbE options on development platform | S5: Android 13 and Qualcomm Linux | T5: Good — QCS6490 has Ubuntu enablement; verify this SOM BSP | U5: Lantronix industrial SOM family | V5: At least 10-year longevity commitment | W5: 315 | X5: Public e-store | Y5: 5 | Z5: 5 | AA5: 4 | AB5: 4 | AC5: 5 | AD5: 4 | AE5: 5 | AF5: =ROUND((Y5*Summary!$B$5+Z5*Summary!$B$6+AA5*Summary!$B$7+AB5*Summary!$B$8+AC5*Summary!$B$9+AD5*Summary!$B$10+AE5*Summary!$B$11)*20,0) -> 91 | AG5: =IF(AF5>=85,"Strong shortlist",IF(AF5>=75,"Good fit",IF(AF5>=65,"Viable","Secondary"))) -> Strong shortlist | AH5: Probably the safest practical starting point: inexpensive for this class, external Wi-Fi architecture, NVMe support, strong QCS6490 ecosystem. | AI5: https://www.lantronix.com/products/open-q-6490-som-system-on-module/ | AJ5: https://estore.lantronix.com/products/open-q-6490cs-som-system-on-module
A6: Silex Technology | B6: EP-200Q | C6: QCS6490 | D6: Edge-card SOM | E6: 30 × 45 mm | F6: 1× Prime 2.7 GHz + 3× Gold 2.4 GHz + 4× Silver 1.8 GHz | G6: Adreno 643L up to 812 MHz | H6: 12 | I6: 8 GB LPDDR5 | J6: 128 GB eMMC 5.1 | K6: 1× Gen3 x1 reserved for Wi-Fi module + 1× Gen3 x2 external | L6: Excellent — Gen3 x2 available externally | M6: Separate Wi-Fi module via PCIe x1 | N6: Excellent — explicitly split from compute SOM | O6: MIPI-DSI, eDP 1.4, DP 1.4 over USB-C | P6: I²S to external codec | Q6: No native CAN listed | R6: USB 3.1 Gen1 Type-C + USB 2.0 OTG | S6: Qualcomm Linux / Yocto; Android TBD | T6: Medium — Yocto public, Ubuntu not advertised | U6: -25 to +75 °C | V6: Preliminary/current product family | X6: RFQ | Y6: 5 | Z6: 5 | AA6: 3 | AB6: 5 | AC6: 4 | AD6: 4 | AE6: 5 | AF6: =ROUND((Y6*Summary!$B$5+Z6*Summary!$B$6+AA6*Summary!$B$7+AB6*Summary!$B$8+AC6*Summary!$B$9+AD6*Summary!$B$10+AE6*Summary!$B$11)*20,0) -> 88 | AG6: =IF(AF6>=85,"Strong shortlist",IF(AF6>=75,"Good fit",IF(AF6>=65,"Viable","Secondary"))) -> Strong shortlist | AH6: Very clean carrier architecture: small edge-card module, dedicated Wi-Fi PCIe lane, separate x2 lane for NVMe, and excellent display options. | AI6: https://www.silextechnology.com/hubfs/Resource%20PDF/EP-200Q%20Product%20Brief_07.21.25_Preliminary.pdf | AJ6: https://www.qualcomm.com/internet-of-things/products/q6-series/qcs6490/hardware
A7: Critical Link | B7: MitySOM-QC6490 | C7: QCS6490 | D7: Production SOM | E7: 45 × 45 mm | F7: 1× 2.7 GHz + 3× 2.4 GHz + 4× 1.9 GHz | G7: Adreno 643 | H7: ~12 | I7: 4 or 8 GB LPDDR5 | J7: 128 or 256 GB on-board flash | K7: 1× Gen3 x1 + 1× Gen3 x2 | L7: Good — x2 PCIe available for carrier NVMe | M7: Wi-Fi supported on development board | N7: Good — enough I/O, but exact M.2 radio topology should be confirmed | O7: MIPI DSI + DisplayPort / USB-C DP | P7: 2× I²S; SLIMBus; SoundWire | Q7: No native CAN listed | R7: USB 3.1 Gen2 + USB 2.0 | S7: Linux, Ubuntu, Android, Windows 11 IoT support advertised | T7: Excellent — Ubuntu explicitly advertised | U7: -25 to +80 °C configs | V7: Expected through July 2036 | X7: Direct / request quote | Y7: 5 | Z7: 4 | AA7: 5 | AB7: 4 | AC7: 5 | AD7: 4 | AE7: 5 | AF7: =ROUND((Y7*Summary!$B$5+Z7*Summary!$B$6+AA7*Summary!$B$7+AB7*Summary!$B$8+AC7*Summary!$B$9+AD7*Summary!$B$10+AE7*Summary!$B$11)*20,0) -> 91 | AG7: =IF(AF7>=85,"Strong shortlist",IF(AF7>=75,"Good fit",IF(AF7>=65,"Viable","Secondary"))) -> Strong shortlist | AH7: Excellent software/lifecycle choice. Less pure than your ideal because significant flash lives on the SOM, but that can be used as boot/recovery storage. | AI7: https://www.criticallink.com/product/mitysom-qc6490-system-on-module/ | AJ7: https://www.qualcomm.com/internet-of-things/products/q6-series/qcs6490/hardware
A8: Lantronix | B8: Open-Q 6490CS SMARC SOM | C8: QCS6490 | D8: SMARC 2.2 | E8: SMARC module | F8: 1× Prime 2.7 GHz + 3× Gold 2.4 GHz + 4× Silver 1.8 GHz | G8: Adreno 643L | H8: ~12 | I8: Up to 8 GB LPDDR5 | J8: Up to 64 GB eMMC / configuration-dependent | K8: SMARC high-speed expansion; NVMe supported on carrier | L8: Excellent — explicit additional NVMe storage support | M8: Wi-Fi 6E + Bluetooth supported; implementation varies | N8: Good — standardized carrier makes external M.2 straightforward | O8: MIPI / DP / eDP options | P8: SMARC audio interfaces | Q8: SMARC carrier can expose CAN depending implementation | R8: High-speed USB and Ethernet via SMARC | S8: Android 13 and Qualcomm Linux | T8: Good — QCS6490 platform supports Ubuntu; module BSP verify | U8: Industrial product family | V8: Current production | W8: 635.7 | X8: Public e-store | Y8: 5 | Z8: 4 | AA8: 4 | AB8: 5 | AC8: 5 | AD8: 4 | AE8: 5 | AF8: =ROUND((Y8*Summary!$B$5+Z8*Summary!$B$6+AA8*Summary!$B$7+AB8*Summary!$B$8+AC8*Summary!$B$9+AD8*Summary!$B$10+AE8*Summary!$B$11)*20,0) -> 90 | AG8: =IF(AF8>=85,"Strong shortlist",IF(AF8>=75,"Good fit",IF(AF8>=65,"Viable","Secondary"))) -> Strong shortlist | AH8: Excellent if you value a standard connector and easy carrier routing more than smallest possible module size. | AI8: https://www.lantronix.com/products/open-q-6490cs-smarc-som-system-on-module/ | AJ8: https://estore.lantronix.com/collections/dragonwing-soms-dev-kits/products/open-q-6490-smarc-som-development-kit
A9: VVDN | B9: QCS6490 LGA SOM | C9: QCS6490 | D9: LGA | E9: 46 × 49 mm | F9: 1× 2.7 GHz + 3× 2.4 GHz + 4× 1.9 GHz | G9: Adreno 643 | H9: ~12 | I9: 4 GB LPDDR4X | J9: 64 GB eMMC 5.1 | K9: 1× Gen3 x1 for Wi-Fi + 1× Gen3 x2 for NVMe | L9: Excellent — explicitly assigned Gen3 x2 for NVMe | M9: Wi-Fi 6E + Bluetooth 5.2 integrated/module-level | N9: Poor for your preference — Wi-Fi is part of the module solution | O9: 1× 4-lane MIPI-DSI + DP 1.4 over USB-C | P9: SoundWire, DMIC, MI2S, I²S | Q9: No native CAN listed | R9: USB 3.1 Type-C + USB 2.0 | S9: Linux, Windows, Android | T9: Medium — Linux yes; Ubuntu BSP not clearly advertised | U9: Not public on product page | V9: Current production offering | X9: Enquire / RFQ | Y9: 5 | Z9: 1 | AA9: 3 | AB9: 3 | AC9: 3 | AD9: 4 | AE9: 5 | AF9: =ROUND((Y9*Summary!$B$5+Z9*Summary!$B$6+AA9*Summary!$B$7+AB9*Summary!$B$8+AC9*Summary!$B$9+AD9*Summary!$B$10+AE9*Summary!$B$11)*20,0) -> 64 | AG9: =IF(AF9>=85,"Strong shortlist",IF(AF9>=75,"Good fit",IF(AF9>=65,"Viable","Secondary"))) -> Secondary | AH9: Technically convenient for NVMe, but contradicts your preference to keep Wi-Fi/BT off the SOM. | AI9: https://www.vvdntech.com/en-us/vision/vvdn-qcs6490-lga-som | AJ9: https://www.vvdntech.com/en-us/partners/qualcomm
A10: VVDN | B10: QCS6490 SOM (B2B) | C10: QCS6490 | D10: 2× 180-pin board-to-board | E10: 60 × 60 mm | F10: 1× 2.7 GHz + 3× 2.4 GHz + 4× 1.9 GHz | G10: Adreno 643 | H10: ~12 | I10: 8 GB LPDDR4X | J10: 128 GB UFS 2.2 | K10: 1× Gen3 x1 for onboard Wi-Fi/BT + 1× Gen3 x2 external | L10: Good — external Gen3 x2 can be used for NVMe | M10: Wi-Fi 6 + Bluetooth 5.2 integrated | N10: Poor — integrated radio defeats external M.2 radio goal | O10: 1× 4-lane MIPI-DSI + DP 1.4 over USB-C | P10: 2× SoundWire, DMIC, MI2S | Q10: No native CAN listed | R10: USB 3.1 Type-C + USB 2.0 | S10: Linux | T10: Medium — Linux yes; Ubuntu not explicit | U10: Not public on product page | V10: Current offering | X10: Enquire / RFQ | Y10: 4 | Z10: 1 | AA10: 3 | AB10: 4 | AC10: 3 | AD10: 4 | AE10: 5 | AF10: =ROUND((Y10*Summary!$B$5+Z10*Summary!$B$6+AA10*Summary!$B$7+AB10*Summary!$B$8+AC10*Summary!$B$9+AD10*Summary!$B$10+AE10*Summary!$B$11)*20,0) -> 63 | AG10: =IF(AF10>=85,"Strong shortlist",IF(AF10>=75,"Good fit",IF(AF10>=65,"Viable","Secondary"))) -> Secondary | AH10: Easy B2B carrier integration, but integrated Wi-Fi/BT and large 60 mm footprint are less aligned with your architecture. | AI10: https://www.vvdntech.com/en-us/vision/vvdn-qcs6490-som | AJ10: https://www.vvdntech.com/en-us/partners/qualcomm
A11: Thundercomm | B11: TurboX C6490 SOM | C11: QCS6490 | D11: LGA | E11: 42.5 × 35.5 × 2.7 mm | F11: Kryo 670 | G11: Adreno 642L / 643-class platform | H11: 12.5 | I11: 8 GB | J11: 128 GB uMCP | K11: 1× Gen3 x2 exposed | L11: Good — x2 external lane available | M11: Wi-Fi 6E + Bluetooth 5.2 integrated | N11: Poor — integrated wireless | O11: 1× 4-lane DSI; DP over USB-C up to 4K60 | P11: 2× SoundWire; DMIC; QUP | Q11: No native CAN listed | R11: USB 3.1 + USB 2.0 | S11: Android 13; LU/LE listed by vendor | T11: Medium-low — Ubuntu not clearly advertised | U11: -25 to +75 °C | V11: Long life cycle advertised to 2036 | X11: RFQ | Y11: 4 | Z11: 1 | AA11: 3 | AB11: 3 | AC11: 5 | AD11: 4 | AE11: 5 | AF11: =ROUND((Y11*Summary!$B$5+Z11*Summary!$B$6+AA11*Summary!$B$7+AB11*Summary!$B$8+AC11*Summary!$B$9+AD11*Summary!$B$10+AE11*Summary!$B$11)*20,0) -> 64 | AG11: =IF(AF11>=85,"Strong shortlist",IF(AF11>=75,"Good fit",IF(AF11>=65,"Viable","Secondary"))) -> Secondary | AH11: Solid module, but onboard wireless makes it less attractive for your modular M.2-radio goal. | AI11: https://www.thundercomm.com/product/c6490-som/ | AJ11: https://www.qualcomm.com/internet-of-things/products/q6-series/qcs6490/hardware
A12: Quectel | B12: SG560D-WF | C12: QCS6490 | D12: LGA smart module | E12: 42.5 × 56.5 × 2.95 mm | F12: 1× 2.7 GHz + 3× 2.4 GHz + 4× 1.9 GHz | G12: Adreno 643 | H12: ~14 | I12: 4/6/8 GB LPDDR4X | J12: 64/128 GB UFS | K12: PCIe exposed; detailed lane topology requires hardware design docs | L12: Possible but not its primary design intent | M12: Wi-Fi 6E / BT integrated; cellular variants also exist | N12: Poor — radio integration is one of the module's selling points | O12: MIPI DSI; up to 2520×1080 @ 144 Hz | P12: Smart-module audio interfaces | Q12: No native CAN highlighted | R12: USB and PCIe; smart-module peripheral set | S12: Android 12/13/14 family | T12: Poor — Android-first product | U12: -35 to +75 °C | V12: Commercial smart-module lifecycle; older docs cite availability through 2028 | X12: Distributor / RFQ | Y12: 3 | Z12: 1 | AA12: 2 | AB12: 3 | AC12: 3 | AD12: 4 | AE12: 4 | AF12: =ROUND((Y12*Summary!$B$5+Z12*Summary!$B$6+AA12*Summary!$B$7+AB12*Summary!$B$8+AC12*Summary!$B$9+AD12*Summary!$B$10+AE12*Summary!$B$11)*20,0) -> 51 | AG12: =IF(AF12>=85,"Strong shortlist",IF(AF12>=75,"Good fit",IF(AF12>=65,"Viable","Secondary"))) -> Secondary | AH12: Easy-to-buy integrated smart module, but almost the opposite of your preferred architecture: wireless and storage are already integrated and Android-centric. | AI12: https://www.quectel.com/product/5g-sg560d-smart-module-series/ | AJ12: https://www.quectel.com/blog/document/5g-sg560d-smart-module-series-2/
A13: Lantronix | B13: Open-Q 8550CS SOM | C13: QCS8550 | D13: LGA SOM | E13: 54 × 45 × 3.61 mm | F13: 1× Prime 3.2 GHz + 4× Gold 2.8 GHz + 3× Silver 2.0 GHz | G13: Adreno 740 | H13: 48 INT8 / 12 FP16 | I13: 8 or 16 GB LPDDR5X | J13: 128 GB or 1 TB UFS depending config | K13: High-speed expansion; dev kit exposes M.2 NVMe | L13: Excellent — reference carrier has M.2 NVMe | M13: Wi-Fi 7 / Bluetooth 5.3 capable, integrated module solution | N13: Poor for your preference — wireless is part of the SOM solution | O13: 2× 4-lane DSI; DP 1.4 over USB-C; up to four displays | P13: Carrier codec supported | Q13: Carrier/dev kit includes CAN; SOM native status verify | R13: USB 3.1/3.2; carrier provides broader connectivity | S13: Android 13; Linux Yocto Kirkstone | T13: Medium-low — Yocto is public, Ubuntu not advertised | U13: -25 to +85 °C | V13: At least 10-year longevity commitment | W13: 985.58 | X13: Public e-store | Y13: 5 | Z13: 1 | AA13: 3 | AB13: 3 | AC13: 5 | AD13: 5 | AE13: 5 | AF13: =ROUND((Y13*Summary!$B$5+Z13*Summary!$B$6+AA13*Summary!$B$7+AB13*Summary!$B$8+AC13*Summary!$B$9+AD13*Summary!$B$10+AE13*Summary!$B$11)*20,0) -> 70 | AG13: =IF(AF13>=85,"Strong shortlist",IF(AF13>=75,"Good fit",IF(AF13>=65,"Viable","Secondary"))) -> Viable | AH13: Very capable, but the μSOM is more aligned with your desire to keep Wi-Fi off the compute module. | AI13: https://www.lantronix.com/products/open-q-8550cs-som/ | AJ13: https://estore.lantronix.com/products/open-q-8550cs-som-system-on-module
A14: Lantronix | B14: Open-Q 8250CS SOM | C14: QCS8250 | D14: 3× board-to-board connectors | E14: 50 × 29 mm | F14: Kryo 585 up to 2.85 GHz | G14: Adreno 650 | H14: 15 | I14: LPDDR5 configurations | J14: On-module UFS / flash | K14: 1× Gen3 x2 | L14: Good — x2 can support carrier storage, verify boot topology | M14: Integrated QCA6391 Wi-Fi 6 / BT 5.1 | N14: Poor — radio is integrated on SOM | O14: MIPI DSI + DP 1.4 over USB-C | P14: SoundWire, MI2S, DMIC, TDM/PCM | Q14: Not native on SOM page | R14: 2× USB 3.1-class links | S14: Android 13 public | T14: Low — module page is Android-focused | U14: -25 to +85 °C case | V14: At least 10-year Lantronix longevity commitment | W14: 374.49 | X14: Public e-store | Y14: 4 | Z14: 1 | AA14: 2 | AB14: 4 | AC14: 5 | AD14: 4 | AE14: 5 | AF14: =ROUND((Y14*Summary!$B$5+Z14*Summary!$B$6+AA14*Summary!$B$7+AB14*Summary!$B$8+AC14*Summary!$B$9+AD14*Summary!$B$10+AE14*Summary!$B$11)*20,0) -> 63 | AG14: =IF(AF14>=85,"Strong shortlist",IF(AF14>=75,"Good fit",IF(AF14>=65,"Viable","Secondary"))) -> Secondary | AH14: Great value and performance, but integrated wireless and Android-first BSP are both off-target for your current plan. | AI14: https://www.lantronix.com/products/open-q-8250cs-som/ | AJ14: https://estore.lantronix.com/products/open-q-8250cs-som-system-on-module
A15: Thundercomm | B15: TurboX C865C SOM | C15: QCS8250 | D15: SOM | E15: 36.5 × 52 × 4.55 mm | F15: Kryo 585 | G15: Adreno 650 | H15: ~15 | I15: 8 GB LPDDR5 | J15: 128 GB UFS 3.1 | K15: 1× Gen3 x2 + 1× Gen3 x1 | L15: Excellent lane budget for NVMe | M15: QCA6391 Wi-Fi 6 + BT 5.1 integrated | N15: Poor — integrated wireless | O15: 2× 4-lane MIPI-DSI; DP over USB-C | P15: SoundWire, MI2S, DMIC, analog via codec | Q15: No native CAN listed | R15: 2× USB 3.1 Gen2 | S15: Android-oriented Thundercomm platform | T15: Low-medium — Ubuntu not explicit in public datasheet | U15: -25 to +75 °C | V15: Current production family | X15: RFQ | Y15: 5 | Z15: 1 | AA15: 2 | AB15: 3 | AC15: 4 | AD15: 4 | AE15: 5 | AF15: =ROUND((Y15*Summary!$B$5+Z15*Summary!$B$6+AA15*Summary!$B$7+AB15*Summary!$B$8+AC15*Summary!$B$9+AD15*Summary!$B$10+AE15*Summary!$B$11)*20,0) -> 62 | AG15: =IF(AF15>=85,"Strong shortlist",IF(AF15>=75,"Good fit",IF(AF15>=65,"Viable","Secondary"))) -> Secondary | AH15: Technically easy to build around, but integrated Wi-Fi/BT works against your modular-radio goal. | AI15: https://fcc.report/FCC-ID/2AOHHTURBOXC865C/6304315.pdf | AJ15: https://www.qualcomm.com/internet-of-things/products/q8-series/qcs8250
A16: Innominds | B16: Kiteboard 8250 SOM | C16: QCS8250 | D16: SMARC-compatible | E16: Not public on summary page | F16: Kryo 585 up to 2.842 GHz | G16: Adreno 650 | H16: ~15 | I16: 8 GB LPDDR5 | J16: 128 GB UFS | K16: PCIe exposed through carrier | L16: Good — carrier expansion possible | M16: Wi-Fi 6 / BT 5.1 integrated | N16: Poor — integrated wireless | O16: DVI / HDMI / DP / MIPI-DSI on platform | P16: Platform-dependent | Q16: Not listed on SOM summary | R16: USB 3.x + PCIe | S16: Android 10, Ubuntu, ROS2 | T16: Excellent — Ubuntu explicitly listed | U16: Not public on summary page | V16: Production-ready SOM | X16: Get a quote | Y16: 4 | Z16: 1 | AA16: 5 | AB16: 5 | AC16: 3 | AD16: 4 | AE16: 5 | AF16: =ROUND((Y16*Summary!$B$5+Z16*Summary!$B$6+AA16*Summary!$B$7+AB16*Summary!$B$8+AC16*Summary!$B$9+AD16*Summary!$B$10+AE16*Summary!$B$11)*20,0) -> 74 | AG16: =IF(AF16>=85,"Strong shortlist",IF(AF16>=75,"Good fit",IF(AF16>=65,"Viable","Secondary"))) -> Viable | AH16: Ubuntu + SMARC are compelling, but onboard Wi-Fi makes it less aligned than the best QCS6490/8550 options. | AI16: https://www.idhi.ai/kiteboard_soms_series/ | AJ16: https://www.qualcomm.com/developer/hardware/list
A17: eInfochips | B17: Aikri-82X-50S | C17: QCS8250 | D17: SOM | E17: 59.7 × 32.2 mm | F17: Kryo 585 | G17: Adreno 650 | H17: ~15 | I17: Not public in Qualcomm summary | J17: Not public in Qualcomm summary | K17: PCIe Gen3 available | L17: Good in principle; exact lane map requires vendor docs | M17: Wi-Fi 6 + Bluetooth 5.1 integrated | N17: Poor — wireless integrated | O17: 2× 4-lane MIPI DSI + DP 1.4 over USB-C | P17: I²S / platform audio | Q17: No native CAN highlighted | R17: USB 3.1 + standard embedded I/O | S17: Vendor BSP; details require vendor docs | T17: Medium-low — Ubuntu not explicit in public summary | U17: Not public in summary | V17: Production SOM | X17: Vendor / partner channel | Y17: 4 | Z17: 1 | AA17: 2 | AB17: 4 | AC17: 3 | AD17: 4 | AE17: 5 | AF17: =ROUND((Y17*Summary!$B$5+Z17*Summary!$B$6+AA17*Summary!$B$7+AB17*Summary!$B$8+AC17*Summary!$B$9+AD17*Summary!$B$10+AE17*Summary!$B$11)*20,0) -> 59 | AG17: =IF(AF17>=85,"Strong shortlist",IF(AF17>=75,"Good fit",IF(AF17>=65,"Viable","Secondary"))) -> Secondary | AH17: Capable but not well aligned with your modular RF goal; public documentation is thinner than the strongest candidates. | AI17: https://www.qualcomm.com/internet-of-things/industries/retail/hardware | AJ17: https://www.qualcomm.com/internet-of-things/products/q8-series/qcs8250
A18: Qualcomm | B18: Dragonwing IQ-9075 Module | C18: IQ-9075 / QCS9075 | D18: 1573-ball BGA module/SIP | E18: BGA SIP; see Qualcomm package drawing | F18: 8× Kryo Gen 6 application cores + 4× Cortex-R52 RTSS | G18: Adreno 663 | H18: 50 or 100 | I18: 36 GB ECC LPDDR5 integrated | J18: External / platform-dependent | K18: Multiple high-speed PCIe interfaces | L18: Excellent electrically, but carrier routing is advanced | M18: Optional external WCN6856 Wi-Fi/BT companion | N18: Excellent conceptually — wireless is external | O18: Multi-display; dual DPU; platform supports several display interfaces | P18: Industrial platform audio I/O | Q18: Native CAN-FD available in IQ9 platform | R18: High-speed USB; 2.5GbE/TSN platform support | S18: Ubuntu, upstream Linux, Yocto; RTOS on MCU subsystem | T18: Excellent — Ubuntu explicitly supported | U18: -40 to +85 °C ambient module; SoC junction up to 115 °C | V18: 10+ year industrial longevity | X18: Buy/evaluate through Qualcomm ecosystem | Y18: 5 | Z18: 5 | AA18: 5 | AB18: 2 | AC18: 5 | AD18: 5 | AE18: 5 | AF18: =ROUND((Y18*Summary!$B$5+Z18*Summary!$B$6+AA18*Summary!$B$7+AB18*Summary!$B$8+AC18*Summary!$B$9+AD18*Summary!$B$10+AE18*Summary!$B$11)*20,0) -> 91 | AG18: =IF(AF18>=85,"Strong shortlist",IF(AF18>=75,"Good fit",IF(AF18>=65,"Viable","Secondary"))) -> Strong shortlist | AH18: Architecturally ideal in capability but overkill for CIC and substantially harder to route because the 'module' is still a dense BGA SIP rather than a friendly board-to-board SOM. | AI18: https://www.qualcomm.com/internet-of-things/products/iq9-series/iq-9075/hardware | AJ18: https://www.qualcomm.com/internet-of-things/products/iq9-series/iq-9075
A19: Lantronix | B19: Open-Q 9075IQ SOM | C19: IQ-9075 | D19: Production SOM | E19: See Lantronix hardware docs | F19: Kryo Gen 6 octa-core | G19: Adreno 663 | H19: 48–100 INT8 | I19: 36 GB LPDDR5 | J19: Configuration-dependent | K19: Multiple PCIe interfaces | L19: Excellent — ample PCIe platform support | M19: No integrated wireless highlighted; external radio expected | N19: Excellent — good candidate for external M.2 radio | O19: Multi-display platform | P19: Industrial platform audio I/O | Q19: Multiple CAN-FD interfaces | R19: Multiple USB + 2.5GbE TSN | S19: Qualcomm Linux | T19: Good — IQ-9075 platform supports Ubuntu; module BSP verify | U19: -40 to +115 °C junction platform range | V19: Industrial / long-life family | W19: 886.09 | X19: Public e-store | Y19: 5 | Z19: 5 | AA19: 4 | AB19: 3 | AC19: 5 | AD19: 5 | AE19: 5 | AF19: =ROUND((Y19*Summary!$B$5+Z19*Summary!$B$6+AA19*Summary!$B$7+AB19*Summary!$B$8+AC19*Summary!$B$9+AD19*Summary!$B$10+AE19*Summary!$B$11)*20,0) -> 90 | AG19: =IF(AF19>=85,"Strong shortlist",IF(AF19>=75,"Good fit",IF(AF19>=65,"Viable","Secondary"))) -> Strong shortlist | AH19: Huge headroom and direct CAN-FD. Still overkill for infotainment, but much easier than routing the raw IQ-9075 SIP. | AI19: https://www.lantronix.com/products/open-q-9075iq-som/ | AJ19: https://estore.lantronix.com/products/open-q-9075iq-som-system-on-module
A20: Advantech | B20: AOM-6741 | C20: IQ-9075 | D20: SMARC 2.2 full-size / MXM 3.0 edge | E20: 82 × 80 mm | F20: Kryo Gen 6 octa-core | G20: Adreno 663 | H20: Up to 100 | I20: 16 or 36 GB LPDDR5 | J20: Optional 128 GB UFS | K20: 1× x4 + 1× x2 (datasheet: six high-speed lanes) | L20: Excellent — abundant PCIe for carrier NVMe | M20: No onboard Wi-Fi highlighted | N20: Excellent — carrier can own wireless | O20: 4× DP + 2× MIPI-DSI | P20: 3× I²S in block diagram | Q20: Carrier/platform dependent; verify SMARC pin mapping | R20: 2× USB 3.2 Gen2 + USB 2.0 + dual 2.5GbE | S20: Ubuntu 24.04 / Ubuntu Pro; Advantech robotic suite | T20: Excellent — Ubuntu 24.04 explicitly supported | U20: -40 to +85 °C industrial SKU | V20: Industrial SMARC family | X20: Advantech channel / buy online | Y20: 5 | Z20: 5 | AA20: 5 | AB20: 5 | AC20: 5 | AD20: 5 | AE20: 5 | AF20: =ROUND((Y20*Summary!$B$5+Z20*Summary!$B$6+AA20*Summary!$B$7+AB20*Summary!$B$8+AC20*Summary!$B$9+AD20*Summary!$B$10+AE20*Summary!$B$11)*20,0) -> 100 | AG20: =IF(AF20>=85,"Strong shortlist",IF(AF20>=75,"Good fit",IF(AF20>=65,"Viable","Secondary"))) -> Strong shortlist | AH20: Technically almost perfect and easiest high-end Linux option, but physically large and wildly overpowered for a CIC. | AI20: https://www.advantech.com/en-us/products/77b59009-31a9-4751-bee1-45827a844421/aom-6741/mod_4a3b75c4-e256-4003-a766-f379563a2bd8 | AJ20: https://advdownload.advantech.com/productfile/PIS/AOM-6741/file/AOM-6741_DS%28011326%2920260310175757.pdf
A21: SECO | B21: SOM-COMe-CT6-Dragonwing-IQ9 | C21: IQ-9075 | D21: COM Express Type 6 Compact | E21: COM Express Compact | F21: Kryo Gen 6 octa-core (50/100 TOPS SKUs) | G21: Adreno 663 up to 800 MHz | H21: 50 or 100 | I21: Up to 36 GB LPDDR5 ECC | J21: Carrier / config dependent | K21: COM Express high-speed PCIe expansion | L21: Excellent — standard COM Express carrier approach | M21: No onboard Wi-Fi highlighted | N21: Excellent — carrier owns wireless | O21: 3× DP 1.4 + eDP or LVDS alternatives | P21: COM Express / platform audio | Q21: Carrier implementation; IQ9 platform supports CAN-FD | R21: COM Express standard + industrial networking | S21: Yocto-based Clea OS; Linux ecosystem | T21: Good-medium — Linux strong, Ubuntu not the headline BSP | U21: Industrial-grade options | V21: Industrial long-life module | X21: SECO sales channel | Y21: 5 | Z21: 5 | AA21: 4 | AB21: 5 | AC21: 5 | AD21: 5 | AE21: 5 | AF21: =ROUND((Y21*Summary!$B$5+Z21*Summary!$B$6+AA21*Summary!$B$7+AB21*Summary!$B$8+AC21*Summary!$B$9+AD21*Summary!$B$10+AE21*Summary!$B$11)*20,0) -> 96 | AG21: =IF(AF21>=85,"Strong shortlist",IF(AF21>=75,"Good fit",IF(AF21>=65,"Viable","Secondary"))) -> Strong shortlist | AH21: Very easy carrier design thanks to COM Express, but too large/expensive for a dashboard unless packaging is generous. | AI21: https://edge.seco.com/es/som-come-ct6-dragonwing-iq9.html | AJ21: https://developer.seco.com/hardware/product/computer-on-modules/com-express-modules/som-come-ct6-iq9-f99/
A22: Innodisk | B22: EXMP-Q911 | C22: IQ-9075 | D22: COM-HPC Mini | E22: COM-HPC Mini | F22: Kryo Gen 6 octa-core | G22: Adreno 663 | H22: 100 dense / 200 sparse | I22: 36 GB LPDDR5X | J22: 128 GB UFS 3.1 | K22: PCIe Gen4 high-speed expansion | L22: Excellent — standard carrier expansion | M22: No onboard Wi-Fi highlighted | N22: Excellent — carrier can own M.2 E-key radio | O22: Dual DP 1.2 + platform display capability | P22: Carrier/platform dependent | Q22: CAN-FD included | R22: USB 3.2 + dual 2.5GbE | S22: Linux-class industrial platform; exact distro support should be confirmed | T22: Good-medium — verify Ubuntu image/support with vendor | U22: -40 to +85 °C | V22: Chipset longevity cited through 2038 | X22: Vendor / distributor | Y22: 5 | Z22: 5 | AA22: 4 | AB22: 5 | AC22: 5 | AD22: 5 | AE22: 4 | AF22: =ROUND((Y22*Summary!$B$5+Z22*Summary!$B$6+AA22*Summary!$B$7+AB22*Summary!$B$8+AC22*Summary!$B$9+AD22*Summary!$B$10+AE22*Summary!$B$11)*20,0) -> 95 | AG22: =IF(AF22>=85,"Strong shortlist",IF(AF22>=75,"Good fit",IF(AF22>=65,"Viable","Secondary"))) -> Strong shortlist | AH22: Industrial monster with ideal modular I/O and native CAN-FD, but much more compute than CIC needs. | AI22: https://www.qualcomm.com/internet-of-things/products/iq9-series/iq-9075/hardware | AJ22: https://www.qualcomm.com/support/partner/member-offerings

Sheet Sources & Notes
A1: Vendor | B1: Module | C1: Primary spec / product URL | D1: Secondary / platform URL | E1: Retrieved | F1: Research caveat | G1: Notes
A2: TRIA | B2: SM2S-QCS6490 | C2: https://www.tria-technologies.com/product/tria-sm2s-qcs6490/ | D2: https://www.qualcomm.com/internet-of-things/products/q6-series/qcs6490/hardware | E2: 2026-09-11 | F2: Public-data snapshot; confirm exact purchasable SKU, pinout, BSP, PCIe lane muxing, and boot-from-NVMe behavior with vendor before PCB freeze. | G2: Very strong architecture fit: standardized SMARC carrier, explicit NVMe, optional wireless, and CAN-FD already exposed.
A3: Thundercomm | B3: TurboX C8550 SOM | C3: https://www.thundercomm.com/product/c8550-som/ | D3: https://www.qualcomm.com/internet-of-things/hardware | E3: 2026-09-11 | F3: Public-data snapshot; confirm exact purchasable SKU, pinout, BSP, PCIe lane muxing, and boot-from-NVMe behavior with vendor before PCB freeze. | G3: Best raw-performance fit to your desired carrier architecture: no onboard Wi-Fi and lots of PCIe. Main question is Ubuntu support/document access.
A4: Lantronix | B4: Open-Q 8550CS μSOM | C4: https://www.lantronix.com/products/open-q-8550cs-%CE%BCsom-system-on-module/ | D4: https://estore.lantronix.com/products/open-q-8550cs-som-system-on-module-1 | E4: 2026-09-11 | F4: Public-data snapshot; confirm exact purchasable SKU, pinout, BSP, PCIe lane muxing, and boot-from-NVMe behavior with vendor before PCB freeze. | G4: Excellent compact high-end choice. External wireless matches your preference; onboard UFS is unavoidable but can be treated as boot/recovery storage.
A5: Lantronix | B5: Open-Q 6490CS SOM | C5: https://www.lantronix.com/products/open-q-6490-som-system-on-module/ | D5: https://estore.lantronix.com/products/open-q-6490cs-som-system-on-module | E5: 2026-09-11 | F5: Public-data snapshot; confirm exact purchasable SKU, pinout, BSP, PCIe lane muxing, and boot-from-NVMe behavior with vendor before PCB freeze. | G5: Probably the safest practical starting point: inexpensive for this class, external Wi-Fi architecture, NVMe support, strong QCS6490 ecosystem.
A6: Silex Technology | B6: EP-200Q | C6: https://www.silextechnology.com/hubfs/Resource%20PDF/EP-200Q%20Product%20Brief_07.21.25_Preliminary.pdf | D6: https://www.qualcomm.com/internet-of-things/products/q6-series/qcs6490/hardware | E6: 2026-09-11 | F6: Public-data snapshot; confirm exact purchasable SKU, pinout, BSP, PCIe lane muxing, and boot-from-NVMe behavior with vendor before PCB freeze. | G6: Very clean carrier architecture: small edge-card module, dedicated Wi-Fi PCIe lane, separate x2 lane for NVMe, and excellent display options.
A7: Critical Link | B7: MitySOM-QC6490 | C7: https://www.criticallink.com/product/mitysom-qc6490-system-on-module/ | D7: https://www.qualcomm.com/internet-of-things/products/q6-series/qcs6490/hardware | E7: 2026-09-11 | F7: Public-data snapshot; confirm exact purchasable SKU, pinout, BSP, PCIe lane muxing, and boot-from-NVMe behavior with vendor before PCB freeze. | G7: Excellent software/lifecycle choice. Less pure than your ideal because significant flash lives on the SOM, but that can be used as boot/recovery storage.
A8: Lantronix | B8: Open-Q 6490CS SMARC SOM | C8: https://www.lantronix.com/products/open-q-6490cs-smarc-som-system-on-module/ | D8: https://estore.lantronix.com/collections/dragonwing-soms-dev-kits/products/open-q-6490-smarc-som-development-kit | E8: 2026-09-11 | F8: Public-data snapshot; confirm exact purchasable SKU, pinout, BSP, PCIe lane muxing, and boot-from-NVMe behavior with vendor before PCB freeze. | G8: Excellent if you value a standard connector and easy carrier routing more than smallest possible module size.
A9: VVDN | B9: QCS6490 LGA SOM | C9: https://www.vvdntech.com/en-us/vision/vvdn-qcs6490-lga-som | D9: https://www.vvdntech.com/en-us/partners/qualcomm | E9: 2026-09-11 | F9: Public-data snapshot; confirm exact purchasable SKU, pinout, BSP, PCIe lane muxing, and boot-from-NVMe behavior with vendor before PCB freeze. | G9: Technically convenient for NVMe, but contradicts your preference to keep Wi-Fi/BT off the SOM.
A10: VVDN | B10: QCS6490 SOM (B2B) | C10: https://www.vvdntech.com/en-us/vision/vvdn-qcs6490-som | D10: https://www.vvdntech.com/en-us/partners/qualcomm | E10: 2026-09-11 | F10: Public-data snapshot; confirm exact purchasable SKU, pinout, BSP, PCIe lane muxing, and boot-from-NVMe behavior with vendor before PCB freeze. | G10: Easy B2B carrier integration, but integrated Wi-Fi/BT and large 60 mm footprint are less aligned with your architecture.
A11: Thundercomm | B11: TurboX C6490 SOM | C11: https://www.thundercomm.com/product/c6490-som/ | D11: https://www.qualcomm.com/internet-of-things/products/q6-series/qcs6490/hardware | E11: 2026-09-11 | F11: Public-data snapshot; confirm exact purchasable SKU, pinout, BSP, PCIe lane muxing, and boot-from-NVMe behavior with vendor before PCB freeze. | G11: Solid module, but onboard wireless makes it less attractive for your modular M.2-radio goal.
A12: Quectel | B12: SG560D-WF | C12: https://www.quectel.com/product/5g-sg560d-smart-module-series/ | D12: https://www.quectel.com/blog/document/5g-sg560d-smart-module-series-2/ | E12: 2026-09-11 | F12: Public-data snapshot; confirm exact purchasable SKU, pinout, BSP, PCIe lane muxing, and boot-from-NVMe behavior with vendor before PCB freeze. | G12: Easy-to-buy integrated smart module, but almost the opposite of your preferred architecture: wireless and storage are already integrated and Android-centric.
... A22: Innodisk | B22: EXMP-Q911 | C22: https://www.qualcomm.com/internet-of-things/products/iq9-series/iq-9075/hardware | D22: https://www.qualcomm.com/support/partner/member-offerings | E22: 2026-09-11 | F22: Public-data snapshot; confirm exact purchasable SKU, pinout, BSP, PCIe lane muxing, and boot-from-NVMe behavior with vendor before PCB freeze. | G22: Industrial monster with ideal modular I/O and native CAN-FD, but much more compute than CIC needs.
A25: Interpretation notes
A26: M.2 wireless | B26: A high rating means the compute module does not force onboard Wi-Fi/BT and exposes enough PCIe/USB for a carrier M.2 E-key solution.
A27: NVMe | B27: A high rating means at least x2 PCIe or explicit carrier-NVMe support. 'NVMe support' does not automatically prove direct boot-from-NVMe; confirm vendor boot chain.
A28: CAN | B28: Many Qualcomm SOMs do not expose a native CAN controller. A carrier can still add CAN-FD with an SPI/PCIe/USB controller plus physical transceiver.
A29: Ubuntu | B29: QCS6490 and IQ-9075 have strong public Ubuntu stories at platform level. A specific SOM still needs a matching vendor BSP/device tree/kernel package.
